pillar,sub_pillar,title,description,doc_type,code,url,industry,status,effective_date
Business Operations,Business Operations,Letter to RSE licensees: Implementation of the retirement income covenant,This 2022 letter provides guidance on the retirement income covenant. It relates to strategic planning and member outcomes.,Letter,,https://qa.handbook.apra.gov.au/letter/618/letter-rse-licensees-implementation-retirement-income-covenant,Superannuation,Current,7 March 2022
Risk Management,Credit Risk,Letter to locally incorporated ADIs: Credit risk provisioning practices,This 2023 letter provides guidance on expected credit loss provisioning for ADIs that do not use prescribed provisioning. It relates to credit risk management.,Letter,,https://qa.handbook.apra.gov.au/letter/987/letter-locally-incorporated-adis-credit-risk-provisioning-practices,Banking,Current,19 October 2023
Risk Management,Credit Risk,Letter to life insurers: Premium increases in life insurance,This 2023 letter outlines findings from an APRA and ASIC joint review of life companies' practices in relation to premium increases.,Letter,,https://qa.handbook.apra.gov.au/letter/1017/letter-life-insurers-premium-increases-life-insurance,Life insurance,Current,14 December 2023
Governance,Board,Letter to ADIs: Operation of foreign banks in Australia,This 2013 letter provides guidance on activities that foreign ADIs may carry out in Australia.,Letter,,https://qa.handbook.apra.gov.au/letter/170/letter-adis-operation-foreign-banks-australia,Banking,Current,23 September 2013
Risk Management,Credit Risk,Letter to ADIs: Housing lending standards,This 2023 letter sets out APRA’s expectations for banks in managing exceptions to housing lending policy.,Letter,,https://qa.handbook.apra.gov.au/letter/935/letter-adis-housing-lending-standards,Banking,Current,9 June 2023
Financial Resilience,Capital,Letter to general insurers and life companies: Internal capital adequacy assessment process report feedback,This 2014 letter provides feedback from APRA's review of ICAAP Summary Statements. It relates to capital.,Letter,,https://qa.handbook.apra.gov.au/letter/206/letter-general-insurers-and-life-companies-internal-capital-adequacy-assessment-process,"General insurance, Life insurance",Current,3 October 2014
Financial Resilience,Capital,Letter to general insurers: Recognising potential reinsurance recoverables from aggregate reinsurance cover,This 2015 letter provides guidance on aggregate reinsurance cover. It relates to capital.,Letter,,https://qa.handbook.apra.gov.au/letter/227/letter-general-insurers-recognising-potential-reinsurance-recoverables-aggregate,General insurance,Current,28 April 2015
Governance,Accountability,Letter to all entities: Clarification of fit and proper requirements,This 2015 letter provides guidance on entities' fitness and propriety assessments. It relates to governance.,Letter,,https://qa.handbook.apra.gov.au/letter/219/letter-all-entities-clarification-fit-and-proper-requirements,"Banking, General insurance, Life insurance, Private health insurance, Superannuation",Current,18 February 2015
Governance,Board,"Letter to ADIs, general insurers and life insurers: Review of board requirements",This 2015 letter provides feedback from APRA's review of board requirements. It relates to governance.,Letter,,https://qa.handbook.apra.gov.au/letter/245/letter-adis-general-insurers-and-life-insurers-review-board-requirements,"Banking, General insurance, Life insurance",Current,28 August 2015
Business Operations,Business Operations,Letter to life insurers: claims oversight and governance,This 2016 letter provides feedback from APRA's review of group insurance claims management. It relates to governance and risk management.,Letter,,https://qa.handbook.apra.gov.au/letter/278/letter-life-insurers-claims-oversight-and-governance,"Life insurance, Superannuation",Current,12 October 2016
Business Operations,Business Operations,Letter to RSE licensees: Member outcomes and design and distribution obligations,This 2020 letter provides guidance on member outcomes and design and distribution obligations. It relates to Business Operations.,Letter,,https://qa.handbook.apra.gov.au/letter/473/letter-rse-licensees-member-outcomes-and-design-and-distribution-obligations,Superannuation,Current,15 December 2020
Financial Resilience,Capital,Letter to ADIs: scrutiny of securitisation practices | APRA,This 2020 letter provides feedback from APRA's review of securitisation practices. It relates to risk management and capital.,Letter,,https://qa.handbook.apra.gov.au/letter/467/letter-adis-scrutiny-securitisation-practices-apra,Banking,Current,7 December 2020
Business Operations,Business Operations,"Letter to RSE licensees: Implementation of Your Future, Your Super reforms","This 2021 letter provides guidance on APRA's role in the Your Future, Your Super reforms. It relates to investment risk management.",Letter,,https://qa.handbook.apra.gov.au/letter/516/letter-rse-licensees-implementation-your-future-your-super-reforms,Superannuation,Current,30 July 2021
Risk Management,Risk Management,Letter to ADIs: Membership of Central counterparties,This 2013 letter provides guidance on managing ADIs' central counterparty membership. It relates to risk management and capital.,Letter,,https://qa.handbook.apra.gov.au/letter/159/letter-adis-membership-central-counterparties,Banking,Current,4 June 2013
Financial Resilience,Capital,Letter to general insurers: Catastrophe risk governance and management,"This 2013 letter provides feedback from APRA's review of general insurers' catastrophe risk management. It relates to governance, risk management and capital.",Letter,,https://qa.handbook.apra.gov.au/letter/187/letter-general-insurers-catastrophe-risk-governance-and-management,General insurance,Current,19 December 2013
Financial Resilience,Capital,Consultation: Revisions to the capital framework for authorised deposit-taking institutions,APRA is consulting on revisions to the capital framework for authorised deposit-taking institutions (ADIs) to implement ‘unquestionably strong’ capital ratios and the Basel III reforms.,Letter,,https://qa.handbook.apra.gov.au/letter/9991/consultation-revisions-capital-framework-authorised-deposit-taking-institutions,Banking,Current,1 March 2024
Governance,Board,Consultation: Minor updates to the prudential framework for ADIs and insurers,"This page contains relevant information on APRA's proposed minor updates to the prudential framework for authorised deposit-taking institutions and general, life and private health insurers.",Letter,,https://qa.handbook.apra.gov.au/letter/100001/consultation-minor-updates-prudential-framework-adis-and-insurers,"Banking, General insurance, Life insurance, Private health insurance",Current,4 April 2024
Financial Resilience,Capital,Letter to general insurers and life insurers: ICAAP Reports,This 2014 letter provides feedback from APRA's review of insurers' ICAAP Reports. It relates to capital.,Letter,,https://qa.handbook.apra.gov.au/letter/185/letter-general-insurers-and-life-insurers-icaap-reports,"General insurance, Life insurance",Current,1 December 2013
Risk Management,Risk Management,Letter to RSE licensees: Risk management declaration,This 2014 letter provides guidance on an RSE licensee's annual risk management declarations. It relates to governance and risk management.,Letter,,https://qa.handbook.apra.gov.au/letter/204/letter-rse-licensees-risk-management-declaration,Superannuation,Current,1 October 2014
Financial Resilience,Capital,"Letter to ADIs, general insurers and life insurers: Tax event call provisions in capital instruments",This 2014 letter provides guidance on tax event call provisions in capital instruments. It relates to capital.,Letter,,https://qa.handbook.apra.gov.au/letter/201/letter-adis-general-insurers-and-life-insurers-tax-event-call-provisions-capital,Banking,Current,19 August 2014
Governance,Board,Letter to life insurers and RSE licencees: Sustainability of life insurance in superannuation,This 2023 letter provides guidance on sustainability risks from group life insurance in superannuation. It relates to risk management.,Letter,,https://handbook.apra.gov.au/letter/1016/letter-life-insurers-and-rse-licencees-sustainability-life-insurance-superannuation,"Life insurance, Superannuation",Current,7 December 2023
Risk Management,Insurance Risk,Letter to life insurers: Sustainability measures for individual disability income insurance,This 2019 letter provides guidance on sustainability risks in individual disability income insurance (IDII). It relates to capital and risk management.,Letter,,https://handbook.apra.gov.au/letter/409/letter-life-insurers-sustainability-measures-individual-disability-income-insurance,Life insurance,Current,2 December 2019
,,Consultation: Minor updates to the prudential framework H2 2024,"On 6 September, APRA released for consultation proposed minor amendments to the prudential framework for authorised deposit taking institutions, insurers and registrable superannuation entity licensees.",Letter,,https://handbook.apra.gov.au/letter/9999/consultation-minor-updates-prudential-framework-h2-2024,"Banking, General insurance, Life insurance, Private health insurance, Superannuation",Current,6 September 2024
Business Operations,Business Operations,Letter to RSE licensees and life insurers: Sustainability of life insurance in superannuation,This 2021 letter provides guidance on sustainability risks from group life insurance in superannuation. It relates to risk management.,Letter,,https://qa.handbook.apra.gov.au/letter/482/letter-rse-licensees-and-life-insurers-sustainability-life-insurance-superannuation-0,"Life insurance, Superannuation",Current,9 March 2021
Risk Management,Risk Management,Letter to RSE licensees: Risk management declarations under SPS 220 Risk Management,This 2020 letter confirms APRA's 2014 guidance on RSE licensees' annual risk management declarations. It relates to governance and risk management.,Letter,,https://qa.handbook.apra.gov.au/letter/447/letter-rse-licensees-risk-management-declarations-under-sps-220-risk-management,Superannuation,Current,20 August 2020
Risk Management,Operational Risk,Letter to RSE licencees: Offshoring consultation requirements – Investment management agreements,This letter sets the expectation on how RSE licencees should consult with APRA when outsourcing functions offshore.,Letter,,https://qa.handbook.apra.gov.au/letter/1032/letter-rse-licencees-offshoring-consultation-requirements-investment-management,Superannuation,Current,5 July 2017
Risk Management,Credit Risk,Letter to ADIs: Indemnities in divestments,This 2021 letter provides guidance on ADIs' risks from indemnities in divestment transactions. It relates to risk management and capital.,Letter,,https://qa.handbook.apra.gov.au/letter/488/letter-adis-indemnities-divestments,Banking,Current,22 March 2021
Financial Resilience,Capital,Letter to health insurers: APRA’s observations on the implementation of the new PHI capital framework,This 2024 letter summarises findings from a review of ICAAP statements from health insurers,Letter,,https://handbook.apra.gov.au/letter/1040/letter-health-insurers-apras-observations-implementation-new-phi-capital-framework,Private health insurance,Current,9 May 2024
Risk Management,Operational Risk,Letter to all entities: Security and adequacy of backups,This 2024 letter highlights the importance of reviewing backup practices as a protection against data loss,Letter,,https://handbook.apra.gov.au/letter/1039/letter-all-entities-security-and-adequacy-backups,"Banking, General insurance, Life insurance, Private health insurance, Superannuation",Current,3 June 2024
Financial Resilience,Liquidity,Consultation: Proposed changes to liquidity and capital requirements for authorised deposit-taking institutions,This page contains information regarding APRA's consultation on targeted changes to liquidity and capital requirements aimed at strengthening the banking sector’s resilience to future stress.,Letter,,https://handbook.apra.gov.au/letter/100002/consultation-proposed-changes-liquidity-and-capital-requirements-authorised-deposit,Banking,Current,15 November 2023
Financial Resilience,Liquidity,Letter to locally incorporated LCR ADIs: Aggregate Committed Liquidity Facility,This 2023 letter notifies ADIs that the Committed Liquidity Facility has been phased out. It relates to liquidity.,Letter,,https://handbook.apra.gov.au/letter/996/letter-locally-incorporated-lcr-adis-aggregate-committed-liquidity-facility,Banking,Current,9 January 2023
,,Consultation: Targeted adjustments to General Insurance Reinsurance settings,"On 7 November, APRA released for consultation proposed targeted adjustments to General Insurance Reinsurance settings for general insurers and reinsurers.",Letter,,https://handbook.apra.gov.au/letter/9999/consultation-targeted-adjustments-general-insurance-reinsurance-settings,General insurance,Current,7 November 2024
Financial Resilience,Capital,Letter to private health insurers: Financial sustainability challenges,This 2019 letter provides feedback from APRA's review of industry sustainability challenges in private health insurance. It relates to risk management.,Letter,,https://handbook.apra.gov.au/letter/382/letter-private-health-insurers-financial-sustainability-challenges,Private health insurance,Current,1 June 2019
,,Letter to private health insurers: Risk management thematic review,This 2017 letter provides feedback from APRA's review of private health insurers' risk governance and operational risk management.,Letter,,https://handbook.apra.gov.au/letter/306/letter-private-health-insurers-risk-management-thematic-review,Private health insurance,Current,4 July 2017
Financial Resilience,Capital,Letter to life insurers: Interpretation of APRA capital adequacy standards,This 2013 letter provides guidance to insurers and appointed actuaries on APRA's capital standards.,Letter,,https://qa.handbook.apra.gov.au/letter/174/letter-life-insurers-interpretation-apra-capital-adequacy-standards,Life insurance,Current,1 October 2013
Governance,Disclosure,Letter to general insurers and life insurers: Public disclosure for prudential purposes,This 2015 letter provides guidance on improving general insurers' and life insurers' public disclosures. It relates to governance.,Letter,,https://qa.handbook.apra.gov.au/letter/233/letter-general-insurers-and-life-insurers-public-disclosure-prudential-purposes,"General insurance, Life insurance",Current,1 June 2015
Risk Management,Credit Risk,Letter to ADIs: Commercial property lending,This 2017 letter provides feedback from APRA's review of ADIs' commercial property lending practices. It relates to credit risk management.,Letter,,https://qa.handbook.apra.gov.au/letter/289/letter-adis-commercial-property-lending,Banking,Current,7 March 2017
Risk Management,Insurance Risk,Letter to life insurers: Group insurance,"This 2015 letter provides feedback from APRA's review of group insurance management. It relates to governance, risk management and capital.",Letter,,https://qa.handbook.apra.gov.au/letter/228/letter-life-insurers-group-insurance,Life insurance,Current,18 May 2015
Financial Resilience,Capital,Letter to life insurers: Final individual disability income insurance sustainability measures,This 2020 letter provides guidance on individual disability income insurance (IDII). It relates to risk management.,Letter,,https://qa.handbook.apra.gov.au/letter/454/letter-life-insurers-final-individual-disability-income-insurance-sustainability,Life insurance,Current,30 September 2020
Financial Resilience,Capital,Letter to ADIs: Market risk modelling,This 2021 letter provides guidance on modelling market risks not in VAR. It relates to market risk.,Letter,,https://qa.handbook.apra.gov.au/letter/506/letter-adis-market-risk-modelling,Banking,Current,18 May 2021
Financial Resilience,Capital,Letter to ADIs: Finalising loss-absorbing capacity requirements for domestic systemically important banks,This 2021 letter provides guidance on capital requirements for domestic systemically important banks (D-SIBs). It relates to capital and resolution.,Letter,,https://qa.handbook.apra.gov.au/letter/578/letter-adis-finalising-loss-absorbing-capacity-requirements-domestic-systemically,Banking,Current,2 December 2021
Risk Management,Credit Risk,Letter to ADIs: Provisions for regulatory purposes and AASB 9 Financial Instruments,This 2017 letter provides guidance on provisioning for expected credit loss (ECL). It relates to capital.,Letter,,https://qa.handbook.apra.gov.au/letter/305/letter-adis-provisions-regulatory-purposes-and-aasb-9-financial-instruments,Banking,Current,4 July 2017
Risk Management,Credit Risk,Letter to ADIs: Exposure to third-party lenders including peer to peer lenders,"This 2019 letter provides feedback from APRA's review of third-party (including peer-to-peer) lending. It relates to risk management, capital and reporting.",Letter,,https://qa.handbook.apra.gov.au/letter/358/letter-adis-exposure-third-party-lenders-including-peer-peer-lenders,Banking,Current,25 March 2019
Risk Management,Insurance Risk,Letter to life insurers: Thematic review of individual disability income insurance,This 2019 letter provides feedback from APRA's review of individual disability income insurance management. It relates to governance and risk management.,Letter,,https://qa.handbook.apra.gov.au/letter/372/letter-life-insurers-thematic-review-individual-disability-income-insurance,Life insurance,Current,1 May 2019
Financial Resilience,Capital,Letter to ADIs: Capital treatment of investments in the Australian Business Growth Fund,This 2019 letter provides guidance on the capital treatment of ADIs' investments in the Australian Business Growth Fund. It relates to capital.,Letter,,https://qa.handbook.apra.gov.au/letter/410/letter-adis-capital-treatment-investments-australian-business-growth-fund,Banking,Current,9 December 2019
Risk Management,Credit Risk,Letter to ADIs: Stress testing assessment,"This 2020 letter provides feedback from APRA's review of ADIs' stress-testing capabilities. It relates to risk management, capital and resolution.",Letter,,https://qa.handbook.apra.gov.au/letter/420/letter-adis-stress-testing-assessment,Banking,Current,21 February 2020
Risk Management,Risk Management,Letter to life insurers: Individual disability income insurance: deferral of implementation of the policy contract term measure,This 2022 letter provides guidance on individual disability income insurance. It relates to risk management.,Letter,,https://qa.handbook.apra.gov.au/letter/635/letter-life-insurers-individual-disability-income-insurance-deferral-implementation,Life insurance,Current,24 March 2022
Risk Management,Risk Management,Letter to all entities: Crypto-assets risk management expectations and policy roadmap,This 2022 letter provides guidance on risks from crypto-assets. It relates to operational risk management and capital.,Letter,,https://qa.handbook.apra.gov.au/letter/645/letter-all-entities-crypto-assets-risk-management-expectations-and-policy-roadmap,"Banking, General insurance, Life insurance, Private health insurance, Superannuation",Current,21 April 2022
Risk Management,Operational Risk,Letter to life insurers: Approval of reinsurance arrangements under LPS 230 Reinsurance,This 2017 letter provides guidance on reinsurance arrangements that require APRA's approval. It relates to insurance risk management.,Letter,,https://qa.handbook.apra.gov.au/letter/301/letter-life-insurers-approval-reinsurance-arrangements-under-lps-230-reinsurance,Life insurance,Current,30 June 2017
Financial Resilience,Capital,Letter to ADIs: Regulatory capital treatment for securitisation,This 2010 letter provides feedback from APRA's review of ADIs' self-assessments against APS 120 Securitisation. It relates to capital.,Letter,,https://qa.handbook.apra.gov.au/letter/67/letter-adis-regulatory-capital-treatment-securitisation,Banking,Current,26 August 2010
Financial Resilience,Capital,Letter to ADIs: A more effective capital framework for a crisis: Update,This 2024 letter provides guidance for ADIs on issuing Additional Tier 1 Capital instruments. It relates to capital.,Letter,,https://handbook.apra.gov.au/letter/1072/letter-adis-more-effective-capital-framework-crisis-update,Banking,Current,9 December 2024
Governance,Definitions,Letter to ADIs: Composition of a Level 2 ADI group,This 2014 letter provides guidance on the composition of an ADI's Level 2 group. It relates to capital.,Letter,,https://handbook.apra.gov.au/letter/197/letter-adis-composition-level-2-adi-group,Banking,Current,19 May 2014
,,Letter to ADIs: Operation of foreign banks in Australia,This 2011 letter provides guidance on activities that foreign ADIs may carry out in Australia.,Letter,,https://handbook.apra.gov.au/letter/89/letter-adis-operation-foreign-banks-australia,Banking,Current,14 April 2011
Governance,Remuneration,Letter to all entities: Findings from CPS 511 pre-implementation review,This letter sets out the results of review conducted in preparation for the implementation of CPS 511,Letter,,https://handbook.apra.gov.au/letter/959/letter-all-entities-findings-cps-511-pre-implementation-review,"Banking, General insurance, Life insurance, Private health insurance, Superannuation",Current,6 September 2023
Risk Management,Operational Risk,Letter to RSE licensees: Information Security Obligations and Critical Authentication Controls,This 2025 letter provides guidance on cyber risk to superannuation industry.,Letter,,https://handbook.apra.gov.au/letter/1089/letter-rse-licensees-information-security-obligations-and-critical-authentication,Superannuation,Current,10 June 2025
Governance,Audit,Consultation: Audit consequential amendments – superannuation,"This page contains APRA’s consultation on minor and consequential amendments to the superannuation prudential framework affecting audit, governance and fitness and propriety.",Letter,,https://handbook.apra.gov.au/letter/9999/consultation-audit-consequential-amendments-superannuation,Superannuation,Superseded,28 February 2024
Business Operations,Business Operations,Letter to RSE licensees: Sole purpose test,This 2001 circular provides guidance on the sole purpose test in superannuation. It relates to strategic and legal requirements.,Letter,,https://handbook.apra.gov.au/letter/1/letter-rse-licensees-sole-purpose-test,Superannuation,Superseded,28 February 2001
Governance,Board,"Transforming Governance, Culture, Remuneration and Accountability: APRA's Approach","This 2019 information paper explains APRA's strategy for supervising entities' governance, culture, remuneration and accountability.",Information paper,,https://qa.handbook.apra.gov.au/information-paper/399/transforming-governance-culture-remuneration-and-accountability-apras,Banking,Current,19 November 2019
Governance,Board,Financial Accountability Regime: ADI accountability statement guidance and template,This 2023 paper provides guidance for ADIs on setting up an accountability statements under the Financial Accountability Regime Act.,Information paper,,https://qa.handbook.apra.gov.au/information-paper/1028/financial-accountability-regime-adi-accountability-statement-guidance-and,Banking,Current,3 October 2023
Risk Management,Risk Management,Climate Change: Awareness to Action,This 2019 information paper describes the results of APRA's survey of selected entities' preparedness for the risks of climate change.,Information paper,,https://qa.handbook.apra.gov.au/information-paper/353/climate-change-awareness-action,Banking,Current,20 March 2019
Governance,Board,ADI key functions descriptions,This informationpaper sets out key functions for ADIs for the purposes of the Financial Accountability Regime,Information paper,,https://qa.handbook.apra.gov.au/information-paper/1031/adi-key-functions-descriptions,Banking,Current,8 March 2024
Financial Resilience,Capital,Asset Risk Charge,This 2013 information paper provides guidance to general insurers and life insurers on calculating the asset risk charge.,Information paper,,https://qa.handbook.apra.gov.au/information-paper/147/asset-risk-charge-0,"General insurance, Life insurance",Current,1 March 2013
Governance,Board,An Aid for Directors of ADIs and Insurers,This 2014 paper provides guidance on APRA's requirements for boards and management.,Information paper,,https://qa.handbook.apra.gov.au/information-paper/203/aid-directors-adis-and-insurers-0,Banking,Current,1 October 2014
Risk Management,Risk Management,Risk Culture,This 2016 information paper explains APRA's approach to risk culture.,Information paper,,https://qa.handbook.apra.gov.au/information-paper/277/risk-culture,"Banking, General insurance, Life insurance, Private health insurance, Superannuation",Current,1 October 2016
Business Operations,Business Operations,Unit pricing: Guide to good practice,This 2008 guide provides feedback from APRA and ASIC's review of unit pricing practices. It relates to operational risk.,Information paper,,https://qa.handbook.apra.gov.au/information-paper/40/unit-pricing-guide-good-practice,Superannuation,Current,1 August 2008
Risk Management,Operational Risk,Pandemic Planning,This 2006 information paper discusses the risks and impact of a pandemic.,Information paper,,https://qa.handbook.apra.gov.au/information-paper/19/pandemic-planning,"Banking, General insurance, Life insurance, Private health insurance, Superannuation",Current,1 October 2006
Governance,Board,Joint Administration Agreement between the Australian Prudential Regulation Authority and the Australian Securities and Investments Commission,This information paper outlines the approach to implementing the FAR regulations and delineation of responsibility between APRA and ASIC,Information paper,,https://handbook.apra.gov.au/information-paper/1027/joint-administration-agreement-between-australian-prudential-regulation,"Banking, General insurance, Life insurance, Private health insurance, Superannuation",Current,3 October 2023
Risk Management,Credit Risk,Update on Macroprudential Settings,This 2023 update describes APRA's decision about its macroprudential policy settings.,Information paper,,https://handbook.apra.gov.au/information-paper/997/update-macroprudential-settings,Banking,Current,15 December 2023
Governance,Board,Implementation of the Banking Executive Accountability Regime (BEAR),This 2020 information paper provides guidance to ADIs on implementing the Banking Executive Accountability Regime.,Information paper,,https://qa.handbook.apra.gov.au/information-paper/471/implementation-banking-executive-accountability-regime-bear-1,Banking,Current,11 December 2020
Financial Resilience,Capital,Strengthening Banking System Resilience - Establishing Unquestionably Strong Capital Ratios,This 2017 information paper explains APRA's reasons for the amounts needed for 'unquestionably strong' capital ratios in the Australian banking sector.,Information paper,,https://qa.handbook.apra.gov.au/information-paper/309/strengthening-banking-system-resilience-establishing-unquestionably-strong,Banking,Current,19 July 2017
Recovery and Resolution,Resolution,Financial Claims Scheme for Authorised Deposit-Taking Institutions,This 2012 information paper provides guidance to ADIs about APS 910 Financial Claims Scheme.,Information paper,,https://qa.handbook.apra.gov.au/information-paper/140/financial-claims-scheme-authorised-deposit-taking-institutions,Banking,Current,7 November 2012
Risk Management,Credit Risk,Macroprudential Policy Framework,This 2021 information paper describes APRA's objectives and approach to using macroprudential measures.,Information paper,,https://qa.handbook.apra.gov.au/information-paper/545/macroprudential-policy-framework,Banking,Current,11 November 2021
Governance,Board,ADIs: Transitioning to the Financial Accountability Regime,This 2023 paper provides guidance for ADIs transitioning from the BEAR regime to the FAR regime,Information paper,,https://qa.handbook.apra.gov.au/information-paper/1026/adis-transitioning-financial-accountability-regime,Banking,Current,3 October 2023
Financial Resilience,Capital,An Unquestionably Strong Framework for Bank Capital,This 2021 information paper describes the objectives and key features of APRA's capital framework for ADIs.,Information paper,,https://handbook.apra.gov.au/information-paper/566/unquestionably-strong-framework-bank-capital,Banking,Current,29 November 2021
Risk Management,Operational Risk,Outsourcing Involving Cloud Computing Services,This 2018 information paper provides guidance to entities on managing risks from cloud computing services.,Information paper,,https://handbook.apra.gov.au/information-paper/887/outsourcing-involving-cloud-computing-services,"Banking, General insurance, Life insurance",Superseded,18 February 2025
Business Operations,Business Operations,SPS 160 Defined Benefit Matters,SPS 160 Defined Benefit Matters requires RSE licensees of defined benefit funds to ensure fund assets can meet fund liabilities when they are due.,Prudential standard,SPS 160,https://handbook.apra.gov.au/standard/sps-160,Superannuation,Current,1 July 2013
Business Operations,Business Operations,SPS 530 Investment Governance,SPS 530 Investment Governance requires RSE licensees to have an investment governance framework.,Prudential standard,SPS 530,https://handbook.apra.gov.au/standard/sps-530,Superannuation,Current,1 January 2023
Business Operations,Business Operations,SPS 250 Insurance in Superannuation,SPS 250 Insurance in Superannuation requires RSE licensees to have an insurance management framework.,Prudential standard,SPS 250,https://handbook.apra.gov.au/standard/sps-250,Superannuation,Current,1 July 2022
Financial Resilience,Capital,HPS 110 Capital Adequacy,HPS 110 Capital Adequacy requires private health insurers maintain adequate capital for various risks.,Prudential standard,HPS 110,https://handbook.apra.gov.au/standard/hps-110,Private health insurance,Current,1 January 2025
Financial Resilience,Capital,GPS 112 Capital Adequacy: Measurement of Capital,GPS 112 Measurement of Capital requires general insurers to ensure their capital base meets prescribed criteria.,Prudential standard,GPS 112,https://handbook.apra.gov.au/standard/gps-112,General insurance,Current,1 July 2023
Financial Resilience,Capital,GPS 114 Capital Adequacy: Asset Risk Charge,GPS 114 Capital Adequacy: Asset Risk Charge requires general insurers and level 2 insurance groups to maintain adequate capital for their asset risks.,Prudential standard,GPS 114,https://handbook.apra.gov.au/standard/gps-114,General insurance,Current,1 July 2023
Financial Resilience,Capital,GPS 115 Capital Adequacy: Insurance Risk Charge,GPS 115 Insurance Risk Charge requires general insurers to maintain adequate capital for their insurance risks.,Prudential standard,GPS 115,https://handbook.apra.gov.au/standard/gps-115,General insurance,Current,1 July 2023
Financial Resilience,Capital,GPS 117 Capital Adequacy: Asset Concentration Risk Charge,GPS 117 Capital Adequacy: Asset Concentration Risk Charge requires general insurers to maintain adequate capital for their asset concentration risk.,Prudential standard,GPS 117,https://handbook.apra.gov.au/standard/gps-117,General insurance,Current,1 July 2023
Financial Resilience,Capital,GPS 118 Capital Adequacy: Operational Risk Charge,GPS 118 Capital Adequacy: Operational Risk Charge requires general insurers and level 2 insurance groups to maintain adequate capital for operational risks.,Prudential standard,GPS 118,https://handbook.apra.gov.au/standard/gps-118,General insurance,Current,1 July 2023
Financial Resilience,Capital,GPS 116 Capital Adequacy: Insurance Concentration Risk Charge,GPS 116 Capital Adequacy: Insurance Concentration Risk Charge requires general insurers to manage these risks.,Prudential standard,GPS 116,https://handbook.apra.gov.au/standard/gps-116,General insurance,Current,1 July 2023
Financial Resilience,Capital,LPS 117 Capital Adequacy: Asset Concentration Risk Charge,LPS 117 Capital Adequacy: Asset Concentration Risk Charge requires life insurers to maintain adequate capital for its asset concentration risks.,Prudential standard,LPS 117,https://handbook.apra.gov.au/standard/lps-117,Life insurance,Current,1 October 2024
Financial Resilience,Capital,LPS 118 Capital Adequacy:  Operational Risk Charge,LPS 118 Capital Adequacy: Operational Risk Charge requires life insurers to maintain adequate capital for their operational risks.,Prudential standard,LPS 118,https://handbook.apra.gov.au/standard/lps-118,Life insurance,Current,1 July 2023
Financial Resilience,Capital,LPS 114 Capital Adequacy: Asset Risk Charge,LPS 114 Capital Adequacy: Asset Risk Charge requires life insurers to maintain adequate capital for their asset risks.,Prudential standard,LPS 114,https://handbook.apra.gov.au/standard/lps-114,Life insurance,Current,1 July 2023
Financial Resilience,Capital,LPS 115 Capital Adequacy: Insurance Risk Charge,LPS 115 Capital Adequacy: Insurance Risk Charge requires life insurers to maintain adequate capital for their insurance risks.,Prudential standard,LPS 115,https://handbook.apra.gov.au/standard/lps-115,Life insurance,Current,29 March 2023
Financial Resilience,Capital,LPS 340 Valuation of Policy Liabilities,LPS 340 Valuation of Policy Liabilities requires life insurers to calculate their policy liabilities using the prescribed method.,Prudential standard,LPS 340,https://handbook.apra.gov.au/standard/lps-340,Life insurance,Current,1 July 2023
Business Operations,Business Operations,SPS 114 Operational Risk Financial Requirement,"SPS 114 Operational Risk Financial Requirement requires RSE licensees to maintain, manage and utilise financial resources to protect beneficiaries from losses due to operational risks.",Prudential standard,SPS 114,https://handbook.apra.gov.au/standard/sps-114,Superannuation,Current,1 July 2025
Governance,Board,SPS 510 Governance,"SPS 510 Governance requires RSE licensees to maintain governance frameworks in line with their size, business mix and complexity.",Prudential standard,SPS 510,https://handbook.apra.gov.au/standard/sps-510,Superannuation,Current,30 June 2024
Governance,Accountability,SPS 520 Fit and Proper,SPS 520 Fit and Proper requires RSE licensees to determine the fitness and propriety of individuals in positions of responsibility.,Prudential standard,SPS 520,https://handbook.apra.gov.au/standard/sps-520,Superannuation,Current,30 June 2024
Governance,Actuarial,CPS 320 Actuarial and Related Matters,CPS 320 Actuarial and Related Matters requires all insurers to enable the Appointed Actuary to fulfil their legal responsibilities.,Prudential standard,CPS 320,https://handbook.apra.gov.au/standard/cps-320,"General insurance, Life insurance, Private health insurance",Current,1 January 2024
Governance,Audit,3PS 310 Audit and Related Matters,3PS 310 Audit and Related Matters requires Level 3 Heads to appoint an auditor to provide independent advice.,Prudential standard,3PS 310,https://handbook.apra.gov.au/standard/3ps-310,"Banking, General insurance, Life insurance",Current,1 July 2017
Governance,Audit,HPS 310 Audit and Related Matters,HPS 310 Audit and Related Matters requires private health insurers to appoint an auditor to provide independent advice.,Prudential standard,HPS 310,https://handbook.apra.gov.au/standard/hps-310,Private health insurance,Current,1 July 2023
Governance,Audit,LPS 310 Audit and Related Matters,LPS 310 Audit and Related Matters requires life insurers to enable the Auditor to fulfil its legal responsibilities.,Prudential standard,LPS 310,https://handbook.apra.gov.au/standard/lps-310,Life insurance,Current,18 December 2023
Financial Resilience,Capital,APS 116 Capital Adequacy: Market Risk,APS 116 Capital Adequacy: Market Risk requires ADIs to maintain adequate capital for market risk.,Prudential standard,APS 116,https://handbook.apra.gov.au/standard/aps-116,Banking,Current,1 January 2025
Financial Resilience,Capital,APS 121 Covered Bonds,APS 121 Covered Bonds requires ADIs to adopt policies and procedures to manage risks related to issuing covered bonds.,Prudential standard,APS 121,https://handbook.apra.gov.au/standard/aps-121,Banking,Current,1 January 2023
Governance,Audit,APS 310 Audit and Related Matters,APS 310 Audit and Related Matters requires ADIs to appoint an auditor to provide independent advice.,Prudential standard,APS 310,https://handbook.apra.gov.au/standard/aps-310,Banking,Current,1 January 2023
Governance,Remuneration,CPS 511 Remuneration,CPS 511 Remuneration requires entities to maintain a remuneration framework that meets prescribed objectives.,Prudential standard,CPS 511,https://handbook.apra.gov.au/standard/cps-511,"Banking, General insurance, Life insurance, Private health insurance, Superannuation",Current,1 January 2024
Governance,Accountability,CPS 520 Fit and Proper,CPS 520 Fit and Proper requires all entities (excluding RSE licensees) to determine the fitness and propriety of individuals in positions of responsibility.,Prudential standard,CPS 520,https://handbook.apra.gov.au/standard/cps-520,"Banking, General insurance, Life insurance, Private health insurance",Current,1 July 2019
Financial Resilience,Capital,APS 115 Capital Adequacy: Standardised Measurement Approach to Operational Risk,APS 115 Capital Adequacy: Standardised Measurement Approach to Operational Risk requires ADIs to maintain adequate capital for their operational risks.,Prudential standard,APS 115,https://handbook.apra.gov.au/standard/aps-115,Banking,Current,1 January 2023
Financial Resilience,Capital,APS 113 Capital Adequacy: Internal Ratings-based Approach to Credit Risk,Prudential Standard APS 113 Capital Adequacy: Internal Ratings-based Approach to Credit Risk requires IRB ADIs to maintain adequate capital for their credit risk exposures.,Prudential standard,APS 113,https://handbook.apra.gov.au/standard/aps-113,Banking,Current,30 September 2024
Financial Resilience,Capital,HPS 117 Capital Adequacy: Asset Concentration Risk Charge,HPS 117 Capital Adequacy: Asset Concentration Risk Charge requires private health insurers to maintain adequate capital for its asset concentration risks.,Prudential standard,HPS 117,https://handbook.apra.gov.au/standard/hps-117,Private health insurance,Current,1 July 2023
Financial Resilience,Capital,HPS 118 Capital Adequacy: Operational Risk Charge,HPS 118 Capital Adequacy: Operational Risk Charge requires private health insurers to maintain adequate capital for their operational risks.,Prudential standard,HPS 118,https://handbook.apra.gov.au/standard/hps-118,Private health insurance,Current,1 July 2023
Financial Resilience,Capital,HPS 114 Capital Adequacy: Asset Risk Charge,HPS 114 Capital Adequacy: Asset Risk Charge requires private health insurers to maintain adequate capital for their asset risks.,Prudential standard,HPS 114,https://handbook.apra.gov.au/standard/hps-114,Private health insurance,Current,1 July 2023
Financial Resilience,Capital,HPS 340 Insurance Liability Valuation,HPS 340 Insurance Liability Valuation requires private health insurer to calculate their insurance liabilities using the prescribed method.,Prudential standard,HPS 340,https://handbook.apra.gov.au/standard/hps-340,Private health insurance,Current,1 July 2023
Risk Management,Risk Management,CPS 220 Risk Management,CPS 220 Risk Management requires all entities (excluding RSE licensees) to maintain a risk management framework that covers all material risks.,Prudential standard,CPS 220,https://handbook.apra.gov.au/standard/cps-220,"Banking, General insurance, Life insurance, Private health insurance",Current,1 July 2019
Governance,Audit,SPS 310 Audit and Related Matters,SPS 310 Audit and Related Matters requires RSE licensees to appoint an auditor to provide independent advice.,Prudential standard,SPS 310,https://handbook.apra.gov.au/standard/sps-310,Superannuation,Current,30 June 2024
Governance,Accountability,SPS 521 Conflicts of Interest,SPS 521 Conflicts of Interest requires RSE licensees to have a conflicts management framework.,Prudential standard,SPS 521,https://handbook.apra.gov.au/standard/sps-521,Superannuation,Current,1 July 2013
Financial Resilience,Capital,GPS 110 Capital Adequacy,GPS 110 Capital Adequacy requires general insurers to maintain adequate capital for various risks.,Prudential standard,GPS 110,https://handbook.apra.gov.au/standard/gps-110,General insurance,Current,1 July 2023
Financial Resilience,Capital,LPS 112 Capital Adequacy: Measurement of Capital,LPS 112 Capital Adequacy: Measurement of Capital requires life insurers to ensure their capital base meets prescribed criteria.,Prudential standard,LPS 112,https://handbook.apra.gov.au/standard/lps-112,Life insurance,Current,1 October 2024
Financial Resilience,Capital,GPS 120 Assets in Australia,GPS 120 Assets in Australia requires general insurers to use the prescribed method to value its assets in Australia.,Prudential standard,GPS 120,https://handbook.apra.gov.au/standard/gps-120,General insurance,Current,1 July 2019
Financial Resilience,Capital,GPS 340 Insurance Liability Valuation,GPS 340 Insurance Liability Valuation requires general insurers to calculate their insurance liabilities using the prescribed method.,Prudential standard,GPS 340,https://handbook.apra.gov.au/standard/gps-340,General insurance,Current,1 July 2023
Financial Resilience,Capital,LPS 100 Solvency Standard,LPS 100 Solvency Standard requires life insurers to maintain minimum amounts of capital for solvency purposes.,Prudential standard,LPS 100,https://handbook.apra.gov.au/standard/lps-100,Life insurance,Current,29 March 2023
Financial Resilience,Capital,LPS 110 Capital Adequacy,LPS 110 Capital Adequacy requires life insurers to maintain adequate capital for various risks.,Prudential standard,LPS 110,https://handbook.apra.gov.au/standard/lps-110,Life insurance,Current,1 July 2023
Financial Resilience,Other,LPS 370 Cost of Investment Performance Guarantees,LPS 370 Cost of Investment Performance Guarantees requires life insurers to calculate the cost of investment performance guarantees in a specific way.,Prudential standard,LPS 370,https://handbook.apra.gov.au/standard/lps-370,Life insurance,Current,29 March 2023
Financial Resilience,Other,LPS 700 Friendly Society Benefit Funds,LPS 700 Friendly Society Benefit Funds requires friendly societies to meet prescribed requirements for approved benefit funds.,Prudential standard,LPS 700,https://handbook.apra.gov.au/standard/lps-700,Life insurance,Current,1 July 2019
Financial Resilience,Other,LPS 600 Statutory Funds,LPS 600 Statutory Funds requires life insurers to meet prescribed requirements for statutory funds.,Prudential standard,LPS 600,https://handbook.apra.gov.au/standard/lps-600,Life insurance,Current,1 July 2023
Governance,Board,CPS 510 Governance,"CPS 510 Governance requires all entities (excluding RSE licensees) to maintain a governance framework in line with their size, type and complexity.",Prudential standard,CPS 510,https://handbook.apra.gov.au/standard/cps-510,"Banking, General insurance, Life insurance, Private health insurance",Current,1 January 2024
Risk Management,Credit Risk,3PS 222 Intra-group Transaction and Exposures,3PS 222 Intra-group Transactions and Exposures requires Level 3 Heads to manage risks from associations between group members.,Prudential standard,3PS 222,https://handbook.apra.gov.au/standard/3ps-222,"Banking, General insurance, Life insurance",Current,1 July 2017
Risk Management,Insurance Risk,GPS 230 Reinsurance Management,GPS 230 Reinsurance Management requires general insurers to maintain a reinsurance management framework.,Prudential standard,GPS 230,https://handbook.apra.gov.au/standard/gps-230,General insurance,Current,1 July 2023
Risk Management,Risk Management,SPS 220 Risk Management,SPS 220 Risk Management requires RSE licensees to maintain a risk management framework.,Prudential standard,SPS 220,https://handbook.apra.gov.au/standard/sps-220,Superannuation,Current,1 January 2020
Risk Management,Market Risk,CPS 226 Margining and Risk Mitigation for Non-Centrally Cleared Derivatives,CPS 226 Margining and Risk Mitigation for Non-Centrally Cleared Derivatives requires entities to meet prescribed margining requirements.,Prudential standard,CPS 226,https://handbook.apra.gov.au/standard/cps-226,"Banking, General insurance, Life insurance, Superannuation",Current,1 January 2023
Risk Management,Credit Risk,3PS 221 Aggregate Risk Exposures,3PS 221 Aggregate Risk Exposures requires level 3 heads to manage their group's aggregated external exposures.,Prudential standard,3PS 221,https://handbook.apra.gov.au/standard/3ps-221,"Banking, General insurance, Life insurance",Current,1 July 2017
Risk Management,Insurance Risk,LPS 230 Reinsurance Management,LPS 230 Reinsurance Management requires life insurers to make annual reports to APRA about their reinsurance arrangements.,Prudential standard,LPS 230,https://handbook.apra.gov.au/standard/lps-230,Life insurance,Current,1 April 2018
Recovery and Resolution,Resolution,CPS 900 Resolution Planning,"CPS 900 Resolution Planning requires significant financial institutions (SFIs), and other institutions that provide critical functions, to plan for resolution.",Prudential standard,CPS 900,https://handbook.apra.gov.au/standard/cps-900,"Banking, General insurance, Life insurance, Private health insurance, Superannuation",Current,1 January 2024
Recovery and Resolution,Resolution,APS 910 Financial Claims Scheme,APS 910 Financial Claims Scheme requires ADIs to be prepared to support APRA's administration of the Financial Claims Scheme (FCS).,Prudential standard,APS 910,https://handbook.apra.gov.au/standard/aps-910,Banking,Current,1 October 2023
Risk Management,Operational Risk,CPS 234 Information Security,CPS 234 Information Security requires entities to maintain information security capability.,Prudential standard,CPS 234,https://handbook.apra.gov.au/standard/cps-234,"Banking, General insurance, Life insurance, Private health insurance, Superannuation",Current,1 July 2019
Risk Management,Credit Risk,APS 222 Associations with Related Entities,APS 222 Associations with Related Entities requires ADIs to manage risks from their associations with related entities.,Prudential standard,APS 222,https://handbook.apra.gov.au/standard/aps-222,Banking,Current,1 January 2022
Risk Management,Credit Risk,APS 220 Credit Risk Management,APS 220 Credit Risk Management requires ADIs to maintain a credit risk management framework.,Prudential standard,APS 220,https://handbook.apra.gov.au/standard/aps-220,Banking,Current,1 January 2023
Financial Resilience,Capital,APS 111 Capital Adequacy: Measurement of Capital,APS 111 Capital Adequacy: Measurement of Capital requires ADIs to ensure regulatory capital meets prescribed criteria.,Prudential standard,APS 111,https://handbook.apra.gov.au/standard/aps-111,Banking,Current,1 July 2025
Business Operations,Business Operations,SPS 515 Strategic Planning and Member Outcomes,SPS 515 Strategic Planning and Member Outcomes requires RSE licensees to align Business Operations with their strategic objectives and member outcomes.,Prudential standard,SPS 515,https://handbook.apra.gov.au/standard/sps-515,Superannuation,Current,1 July 2025
Financial Resilience,Other,"LPS 360 Termination Values, Minimum Surrender Values and Paid-up Values","LPS 360 Termination Values, Minimum Surrender Values and Paid-up Values requires life insurers to use a prescribed method to calculate various values.",Prudential standard,LPS 360,https://handbook.apra.gov.au/standard/lps-360,Life insurance,Current,29 March 2023
Financial Resilience,Other,APS 610 Prudential Requirements for Providers of Purchased Payments Facilities,APS 610 Purchased Payment Facilities requires purchased payment facility providers to meet  requirements in line with their risk profile.,Prudential standard,APS 610,https://handbook.apra.gov.au/standard/aps-610,Banking,Current,11 May 2023
Financial Resilience,Capital,APS 112 Capital Adequacy: Standardised Approach to Credit Risk,APS 112 Capital Adequacy: Standardised Approach to Credit Risk requires ADIs to maintain adequate capital for its credit risk exposures.,Prudential standard,APS 112,https://handbook.apra.gov.au/standard/aps-112,Banking,Current,1 July 2025
Governance,Audit,GPS 310 Audit and Related Matters,GPS 310 Audit and Related Matters requires general insurers or level 2 insurance groups to enable the Appointed Auditor to fulfil their legal responsibilities.,Prudential standard,GPS 310,https://handbook.apra.gov.au/standard/gps-310,General insurance,Current,1 October 2024
Financial Resilience,Capital,HPS 112 Capital Adequacy: Measurement of Capital,HPS 112 Capital Adequacy: Measurement of Capital requires private health insurers to ensure their capital base meets prescribed criteria.,Prudential standard,HPS 112,https://handbook.apra.gov.au/standard/hps-112,Private health insurance,Current,1 January 2025
Recovery and Resolution,Recovery,CPS 190 Recovery and Exit Planning,"CPS 190 Recovery and Exit Planning requires entities to maintain a credible recovery and exit plan.
It applies to ADIs and insurers from 1 January 2024, and to RSE licensees from 1 January 2025.",Prudential standard,CPS 190,https://handbook.apra.gov.au/standard/cps-190,"Banking, General insurance, Life insurance, Private health insurance, Superannuation",Current,1 January 2024
Financial Resilience,Capital,APS 180 Capital Adequacy: Counterparty Credit Risk,APS 180 Capital Adequacy: Counterparty Credit Risk requires ADIs to maintain adequate capital for their counterparty credit risks.,Prudential standard,APS 180,https://handbook.apra.gov.au/standard/aps-180,Banking,Current,1 January 2024
Financial Resilience,Capital,APS 120 Securitisation,APS 120 Securitisation requires ADIs to maintain adequate capital for the risks associated with securitisation.,Prudential standard,APS 120,https://handbook.apra.gov.au/standard/aps-120,Banking,Current,1 January 2024
Risk Management,Operational Risk,CPS 230 Operational Risk Management,This standard requires an entity to effectively manage its operational risks.,Prudential standard,CPS 230,https://handbook.apra.gov.au/standard/cps-230,"Banking, General insurance, Life insurance, Private health insurance, Superannuation",Current,1 July 2025
Governance,Disclosure,APS 330 Public Disclosure,"APS 330 Public Disclosure requires ADIs to publish key information on financial metrics, risk profile and financial resilience.",Prudential standard,APS 330,https://handbook.apra.gov.au/standard/aps-330,Banking,Current,1 January 2025
Financial Resilience,Capital,APS 110 Capital Adequacy,APS 110 Capital Adequacy requires ADIs to maintain adequate capital for various risks.,Prudential standard,APS 110,https://handbook.apra.gov.au/standard/aps-110,Banking,Current,1 January 2025
Recovery and Resolution,Recovery,GPS 410 Transfer and Amalgamation of Insurance Business for General Insurers,GPS 410 Transfer and Amalgamation of Insurance Business requires general insurers to inform specific stakeholders about any transfers or amalgamations.,Prudential standard,GPS 410,https://handbook.apra.gov.au/standard/gps-410,General insurance,Current,1 January 2026
Financial Resilience,Liquidity,APS 210 Liquidity,APS 210 Liquidity requires ADIs to have stable funding and manage their liquidity risks. ADIs must maintain enough liquidity to meet their obligations.,Prudential standard,APS 210,https://handbook.apra.gov.au/standard/aps-210,Banking,Current,1 July 2025
Financial Resilience,Capital,HPS 115 Capital Adequacy: Insurance Risk Charge,HPS 115 Capital Adequacy: Insurance Risk Charge requires private health insurers to maintain adequate capital for their insurance risks.,Prudential standard,HPS 115,https://handbook.apra.gov.au/standard/hps-115,Private health insurance,Current,1 January 2026
Financial Resilience,Capital,APS 117 Interest Rate Risk in the Banking Book,APS 117 Capital Adequacy: Interest Rate Risk in the Banking Book requires some ADIs to maintain adequate capital for its interest rate risk.,Prudential standard,APS 117,https://handbook.apra.gov.au/standard/aps-117,Banking,Current,1 October 2025
Risk Management,Credit Risk,APS 221 Large Exposures,APS 221 Large Exposures requires ADIs to manage their large exposures and risk concentrations.,Prudential standard,APS 221,https://handbook.apra.gov.au/standard/aps-221,Banking,Current,1 January 2023
Governance,Definitions,CPS 001 Defined terms,CPS 001 centralises defined terms that support the interpretation of the ADI and insurance prudential frameworks.,Prudential standard,CPS 001,https://handbook.apra.gov.au/standard/cps-001,"Banking, General insurance, Life insurance, Private health insurance",Current,1 January 2026
Governance,Accountability,SPS 520 Fit and Proper,SPS 520 Fit and Proper requires RSE licensees to determine the fitness and propriety of individuals in positions of responsibility.,Prudential standard,SPS 520,https://handbook.apra.gov.au/standard/sps-520-superseded,Superannuation,Superseded,1 July 2013
Governance,Audit,SPS 310 Audit and Related Matters,SPS 310 Audit and Related Matters requires RSE licensees to appoint an auditor to provide independent advice.,Prudential standard,SPS 310,https://handbook.apra.gov.au/standard/sps-310-superseded,Superannuation,Superseded,30 June 2023
Governance,Board,SPS 510 Governance,"SPS 510 Governance requires RSE licensees to maintain governance frameworks in line with their size, business mix and complexity.",Prudential standard,SPS 510,https://handbook.apra.gov.au/standard/sps-510-superseded,Superannuation,Superseded,1 January 2024
Financial Resilience,Capital,APS 113 Capital Adequacy: Internal Ratings-based Approach to Credit Risk,APS 113 Capital Adequacy: Internal Ratings-based Approach to Credit Risk requires ADIs to maintain adequate capital for their credit risk exposures.,Prudential standard,APS 113,https://handbook.apra.gov.au/standard/aps-113-superseded,Banking,Superseded,1 January 2023
Financial Resilience,Capital,APS 112 Capital Adequacy: Standardised Approach to Credit Risk,APS 112 Capital Adequacy: Standardised Approach to Credit Risk requires ADIs to maintain adequate capital for its credit risk exposures.,Prudential standard,APS 112,https://handbook.apra.gov.au/standard/aps-112-superseded,Banking,Superseded,1 January 2023
Governance,Definitions,GPS 001 Definitions,GPS 001 Definitions defines key terms used in prudential standards that apply to general insurers and authorised non-operating holding companies.,Prudential standard,GPS 001,https://handbook.apra.gov.au/standard/gps-001-superseded,General insurance,Superseded,1 July 2023
Governance,Definitions,LPS 001 Definitions,LPS 001 Definitions defines key terms used in prudential standards that apply to life companies and registered non-operating holding companies.,Prudential standard,LPS 001,https://handbook.apra.gov.au/standard/lps-001-superseded,Life insurance,Superseded,1 July 2023
Governance,Definitions,HPS 001 Definitions,HPS 001 Definitions defines key terms used in prudential standards that apply to private health insurers.,Prudential standard,HPS 001,https://handbook.apra.gov.au/standard/hps-001-superseded,Private health insurance,Superseded,1 July 2023
Financial Resilience,Capital,HPS 112 Capital Adequacy: Measurement of Capital,HPS 112 Capital Adequacy: Measurement of Capital requires private health insurers to ensure their capital base meets prescribed criteria.,Prudential standard,HPS 112,https://handbook.apra.gov.au/standard/hps-112-superseded,Private health insurance,Superseded,1 July 2023
Financial Resilience,Capital,LPS 112 Capital Adequacy: Measurement of Capital,LPS 112 Capital Adequacy: Measurement of Capital requires life insurers to ensure their capital base meets prescribed criteria.,Prudential standard,LPS 112,https://handbook.apra.gov.au/standard/lps-112-superseded,Life insurance,Superseded,1 July 2023
Governance,Definitions,3PS 001 Definitions,3PS 001 Definitions defines key terms used in prudential standards that apply to level 3 heads.,Prudential standard,3PS 001,https://handbook.apra.gov.au/standard/3ps-001-superseded,"Banking, General insurance, Life insurance",Superseded,1 July 2017
Governance,Audit,GPS 310 Audit and Related Matters,GPS 310 Audit and Related Matters requires general insurers or level 2 insurance groups to enable the Appointed Auditor to fulfil its legal responsibilities.,Prudential standard,GPS 310,https://handbook.apra.gov.au/standard/gps-310-superseded,General insurance,Superseded,1 July 2019
Financial Resilience,Capital,LPS 117 Capital Adequacy: Asset Concentration Risk Charge,LPS 117 Capital Adequacy: Asset Concentration Risk Charge requires life insurers to maintain adequate capital for its asset concentration risks.,Prudential standard,LPS 117,https://handbook.apra.gov.au/standard/lps-117-superseded,Life insurance,Superseded,1 July 2023
Governance,Definitions,APS 001 Definitions,APS 001 Definitions defines key terms used in prudential standards that apply to ADIs and authorised non-operating holding companies.,Prudential standard,APS 001,https://handbook.apra.gov.au/standard/aps-001-superseded,Banking,Superseded,30 September 2022
Governance,Disclosure,APS 330 Public Disclosure,APS 330 Public Disclosure requires ADIs to publicly disclose key information on financial metrics and remuneration practices.,Prudential standard,APS 330,https://handbook.apra.gov.au/standard/aps-330-superseded,Banking,Superseded,28 February 2023
Financial Resilience,Capital,APS 110 Capital Adequacy,APS 110 Capital Adequacy requires ADIs to maintain adequate capital for various risks.,Prudential standard,APS 110,https://handbook.apra.gov.au/standard/aps-110-superseded,Banking,Superseded,1 January 2023
Financial Resilience,Capital,APS 116 Capital Adequacy: Market Risk,APS 116 Capital Adequacy: Market Risk requires ADIs to maintain adequate capital for market risk.,Prudential standard,APS 116,https://handbook.apra.gov.au/standard/aps-116-superseded-0,Banking,Superseded,1 January 2025
Financial Resilience,Capital,HPS 112 Capital Adequacy: Measurement of Capital,HPS 112 Capital Adequacy: Measurement of Capital requires private health insurers to ensure their capital base meets prescribed criteria.,Prudential standard,HPS 112,https://handbook.apra.gov.au/standard/hps-112-superseded-0,Private health insurance,Superseded,1 October 2024
Financial Resilience,Capital,APS 117 Capital Adequacy: Interest Rate Risk in the Banking Book (Advanced ADIs),APS 117 Capital Adequacy: Interest Rate Risk in the Banking Book requires some ADIs to maintain adequate capital for their interest rate risk.,Prudential standard,APS 117,https://handbook.apra.gov.au/standard/aps-117-superseded,Banking,Superseded,1 January 2013
Financial Resilience,Capital,APS 116 Capital Adequacy: Market Risk,APS 116 Capital Adequacy: Market Risk requires ADIs to maintain adequate capital for market risk.,Prudential standard,APS 116,https://handbook.apra.gov.au/standard/aps-116-superseded,Banking,Superseded,1 January 2023
Financial Resilience,Capital,HPS 110 Capital Adequacy,HPS 110 Capital Adequacy requires private health insurers maintain adequate capital for various risks.,Prudential standard,HPS 110,https://handbook.apra.gov.au/standard/hps-110-superseded,Private health insurance,Superseded,1 July 2023
Financial Resilience,Capital,APS 112 Capital Adequacy: Standardised Approach to Credit Risk,Prudential Standard APS 112 Capital Adequacy: Standardised Approach to Credit Risk requires ADIs to maintain adequate capital for its credit risk exposures.,Prudential standard,APS 112,https://handbook.apra.gov.au/standard/aps-112-superseded-0,Banking,Superseded,30 September 2024
Business Operations,Business Operations,SPS 114 Operational Risk Financial Requirement,SPS 114 Operational Risk Financial Requirement requires RSE licensees to maintain adequate financial resources for their operational risks.,Prudential standard,SPS 114,https://handbook.apra.gov.au/standard/sps-114-superseded,Superannuation,Superseded,1 July 2013
Risk Management,Operational Risk,SPS 231 Outsourcing,SPS 231 Outsourcing requires RSE licensees to manage risks from outsourced business activities.,Prudential standard,SPS 231,https://handbook.apra.gov.au/standard/sps-231-superseded,Superannuation,Superseded,1 July 2013
Risk Management,Operational Risk,SPS 232 Business Continuity Management,SPS 232 Business Continuity Management requires RSE licensees to plan for business disruptions.,Prudential standard,SPS 232,https://handbook.apra.gov.au/standard/sps-232-superseded,Superannuation,Superseded,1 July 2013
Financial Resilience,Capital,APS 111 Capital Adequacy: Measurement of Capital,APS 111 Capital Adequacy: Measurement of Capital requires ADIs to ensure regulatory capital meets prescribed criteria.,Prudential standard,APS 111,https://handbook.apra.gov.au/standard/aps-111-superseded,Banking,Superseded,1 January 2023
Financial Resilience,Liquidity,APS 210 Liquidity,APS 210 Liquidity requires ADIs to have stable funding and manage their liquidity risks. ADIs must maintain enough liquidity to meet their obligations.,Prudential standard,APS 210,https://handbook.apra.gov.au/standard/aps-210-superseded,Banking,Superseded,1 January 2023
Risk Management,Operational Risk,CPS 231 Outsourcing,"CPS 231 Outsourcing requires ADIs, general insurers and life insurers to manage risks from outsourced business activities.",Prudential standard,CPS 231,https://handbook.apra.gov.au/standard/cps-231-superseded,"Banking, General insurance, Life insurance",Superseded,1 July 2017
Risk Management,Operational Risk,CPS 232 Business Continuity Management,"CPS 232 Business Continuity Management requires ADIs, general insurers and life insurers to plan for business disruptions.",Prudential standard,CPS 232,https://handbook.apra.gov.au/standard/cps-232-superseded,"Banking, General insurance, Life insurance",Superseded,1 July 2017
Business Operations,Business Operations,SPS 515 Strategic Planning and Member Outcomes,SPS 515 Strategic Planning and Member Outcomes requires RSE licensees to align Business Operations with its strategic objectives and member outcomes.,Prudential standard,SPS 515,https://handbook.apra.gov.au/standard/sps-515-superseded,Superannuation,Superseded,1 January 2020
Risk Management,Operational Risk,HPS 231 Outsourcing,HPS 231 Outsourcing requires private health insurers to manage risks from outsourced business activities.,Prudential standard,HPS 231,https://handbook.apra.gov.au/standard/hps-231-superseded,Private health insurance,Superseded,1 July 2015
Financial Resilience,Capital,HPS 115 Capital Adequacy: Insurance Risk Charge,HPS 115 Capital Adequacy: Insurance Risk Charge requires private health insurers to maintain adequate capital for their insurance risks.,Prudential standard,HPS 115,https://handbook.apra.gov.au/standard/hps-115-superseded,Private health insurance,Superseded,1 July 2023
Financial Resilience,Capital,APS 117 Interest Rate Risk in the Banking Book,APS 117 Capital Adequacy: Interest Rate Risk in the Banking Book (Advanced ADIs) requires internal ratings-based approach (IRB) ADIs to maintain adequate capital for its interest rate risk.,Prudential standard,APS 117,https://handbook.apra.gov.au/standard/aps-117-superseded-0,Banking,Superseded,1 April 2025
Recovery and Resolution,Recovery,GPS 410 Transfer and Amalgamation of Insurance Business for General Insurers,GPS 410 Transfer and Amalgamation of Insurance Business requires general insurers to inform specific stakeholders about any transfers or amalgamations.,Prudential standard,GPS 410,https://handbook.apra.gov.au/standard/gps-410-superseded,General insurance,Superseded,16 April 2018
Governance,Definitions,CPS 001 Defined terms,CPS 001 centralises defined terms that support the interpretation of the ADI and insurance prudential frameworks.,Prudential standard,CPS 001,https://handbook.apra.gov.au/standard/cps-001-superseded,"Banking, General insurance, Life insurance, Private health insurance",Superseded,1 October 2024
Governance,Accountability,APG 520 Fit and Proper,APG 520 Fit and Proper provides guidance for ADIs on CPS 520 Fit and Proper.,Prudential practice guide,APG 520,https://qa.handbook.apra.gov.au/ppg/apg-520,Banking,Current,1 July 2008
Governance,Accountability,LPG 520 Fit and Proper,LPG 520 Fit and Proper provides guidance for life insurers on CPS 520 Fit and Proper.,Prudential practice guide,LPG 520,https://qa.handbook.apra.gov.au/ppg/lpg-520,Life insurance,Current,1 July 2010
Risk Management,Risk Management,CPG 229 Climate Change Financial Risks,CPG 229 Climate Change Financial Risks provides guidance for all entities on their core risk management and governance requirements.,Prudential practice guide,CPG 229,https://handbook.apra.gov.au/ppg/cpg-229,"Banking, General insurance, Life insurance, Private health insurance, Superannuation",Current,26 November 2021
Risk Management,Credit Risk,3PG 222 Intra-Group Transactions and Exposures,3PG 222 Intra-Group Transactions and Exposures provides guidance to level 3 heads on 3PS 222 Intra-Group Transactions and Exposures.,Prudential practice guide,3PG 222,https://qa.handbook.apra.gov.au/ppg/3pg-222,"Banking, General insurance, Life insurance",Current,1 July 2017
Risk Management,Credit Risk,APG 220 Credit risk management,APG 220 provides guidance to ADIs on the requirements of APS 220,Prudential practice guide,APG 220,https://qa.handbook.apra.gov.au/ppg/apg-220,Banking,Current,1 January 2022
Financial Resilience,Capital,APG 120 Securitisation,APG 120 Securitisation provides guidance to ADIs on APS 120 Securitisation.,Prudential practice guide,APG 120,https://qa.handbook.apra.gov.au/ppg/apg-120,Banking,Current,1 January 2018
Risk Management,Insurance Risk,GPG 245 Reinsurance Management Strategy,GPG 245 Reinsurance Management Strategy provides guidance for general insurers on GPS 230 Reinsurance Management.,Prudential practice guide,GPG 245,https://handbook.apra.gov.au/ppg/gpg-245,General insurance,Current,1 July 2008
Governance,Accountability,HPG 520 Fit and Proper,HPG 520 Fit and Proper provides guidance for private health insurers on CPS 520 Fit and Proper.,Prudential practice guide,HPG 520,https://handbook.apra.gov.au/ppg/hpg-520,Private health insurance,Current,1 July 2019
Governance,Remuneration,CPG 511 Remuneration,CPG 511 Renumeration provides guidance to all entities on CPS 511 Renumeration.,Prudential practice guide,CPG 511,https://handbook.apra.gov.au/ppg/cpg-511,"Banking, General insurance, Life insurance, Private health insurance, Superannuation",Current,18 October 2021
Risk Management,Insurance Risk,GPG 240 Insurance Risk,GPG 240 Insurance Risk provides guidance for general insurers on their insurance risk management requirements.,Prudential practice guide,GPG 240,https://handbook.apra.gov.au/ppg/gpg-240,General insurance,Current,4 December 2024
Recovery and Resolution,Recovery,CPG 190 Recovery and Exit Planning,"CPG 190 Recovery and Exit Planning provides guidance to most entities on CPS 190 Recovery and Exit Planning.
It applies to ADIs and insurers from 1 January 2024, and to RSE licensees from 1 January 2025.",Prudential practice guide,CPG 190,https://handbook.apra.gov.au/ppg/cpg-190,"Banking, General insurance, Life insurance, Private health insurance, Superannuation",Current,1 January 2024
Recovery and Resolution,Resolution,CPG 900 Resolution Planning,CPG 900 Resolution Planning provides guidance to SFIs and to non-SFIs that provide critical functions on CPS 900 Resolution Planning.,Prudential practice guide,CPG 900,https://handbook.apra.gov.au/ppg/cpg-900,"Banking, General insurance, Life insurance, Private health insurance, Superannuation",Current,1 January 2024
Business Operations,Business Operations,SPG 250 Insurance in Superannuation,SPG 250 Insurance in Superannuation provides guidance for RSE Licensees on SPS 250 Insurance in Superannuation and SPS 160 Defined Benefit Matters.,Prudential practice guide,SPG 250,https://handbook.apra.gov.au/ppg/spg-250,Superannuation,Current,1 November 2021
Risk Management,Insurance Risk,LPG 240 Life Insurance Risk and Life Reinsurance Management,LPG 240 Life Insurance Risk and Life Reinsurance Management provides guidance for life insurers on LPS 230 Reinsurance Management.,Prudential practice guide,LPG 240,https://handbook.apra.gov.au/ppg/lpg-240,Life insurance,Current,4 December 2024
Risk Management,Operational Risk,SPG 223 Fraud Risk Management,SPG 223 Fraud Risk Management provides guidance to RSE licensees on their core risk management requirements.,Prudential practice guide,SPG 223,https://handbook.apra.gov.au/ppg/spg-223,Superannuation,Current,1 June 2015
Business Operations,Business Operations,SPG 530 Investment Governance,SPG 530 Investment Governance provides guidance to RSE licensees on SPS 530 Investment Governance.,Prudential practice guide,SPG 530,https://handbook.apra.gov.au/ppg/spg-530,Superannuation,Current,20 July 2023
Financial Resilience,Capital,GPG 116 Insurance Concentration Risk,GPG 116 Insurance Concentration Risk provides guidance for general insurers on GPS 116 Capital Adequacy: Insurance Concentration Risk Charge.,Prudential practice guide,GPG 116,https://handbook.apra.gov.au/ppg/gpg-116,General insurance,Current,1 March 2013
Risk Management,Operational Risk,GPG 232 Custody Arrangements,GPG 232 Custody Arrangements provides guidance for general insurers on their operational risk management requirements.,Prudential practice guide,GPG 232,https://handbook.apra.gov.au/ppg/gpg-232,General insurance,Current,1 October 2006
Risk Management,Credit Risk,GPG 220 Credit Risk,GPG 220 Credit Risk provides guidance for general insurers on their credit risk management requirements.,Prudential practice guide,GPG 220,https://handbook.apra.gov.au/ppg/gpg-220,General insurance,Current,1 July 2008
Risk Management,Insurance Risk,LPG 270 Group Insurance Arrangements,LPG 270 Group Insurance Arrangements provides guidance to life insurers on their core risk management requirements.,Prudential practice guide,LPG 270,https://handbook.apra.gov.au/ppg/lpg-270,Life insurance,Current,1 October 2014
Financial Resilience,Other,LPG 700 Friendly Society Benefit Funds,LPG 700 Friendly Society Benefit Funds provides guidance to friendly societies on LPS 700 Friendly Society Benefit Funds.,Prudential practice guide,LPG 700,https://handbook.apra.gov.au/ppg/lpg-700,Life insurance,Current,1 September 2013
Governance,Actuarial,CPG 320 Actuarial and Related Matters,CPG 320 Actuarial and Related Matters provides guidance to insurers on CPS 320 Actuarial and Related Matters.,Prudential practice guide,CPG 320,https://handbook.apra.gov.au/ppg/cpg-320,"General insurance, Life insurance, Private health insurance",Current,1 July 2019
Governance,Accountability,LPG 260 Conflicts of Interest Under Section 48,LPG 260 Conflicts of Interest Under Section 48 provides guidance for life insurers on their legislative requirements under the Life Insurance Act 1995.,Prudential practice guide,LPG 260,https://handbook.apra.gov.au/ppg/lpg-260,Life insurance,Current,1 March 2007
Governance,Board,HPG 510 Governance,HPG 510 Governance provides guidance for private health insurers on CPS 510 Governance.,Prudential practice guide,HPG 510,https://handbook.apra.gov.au/ppg/hpg-510,Private health insurance,Current,1 July 2019
Risk Management,Operational Risk,CPG 230 Operational Risk Management,"CPG 230 Operational Risk Management assists entities with the implementation of, and compliance with, CPS 230",Prudential practice guide,CPG 230,https://handbook.apra.gov.au/ppg/cpg-230,"Banking, General insurance, Life insurance, Private health insurance, Superannuation",Current,13 June 2024
Business Operations,Business Operations,SPG 114 Operational Risk Financial Requirement,SPG 114 Operational Risk Financial Requirement provides guidance for RSE licensees on SPS 114 Operational Risk Financial Requirement,Prudential practice guide,SPG 114,https://handbook.apra.gov.au/ppg/spg-114,Superannuation,Current,1 July 2025
Business Operations,Business Operations,SPG 515 Strategic Planning and Member Outcomes,"Prudential Practice Guide SPG 515 Strategic Planning and Member Outcomes  provides APRA’s view of sound practice in strategic and business planning, financial resource management, implementation of the retirement income covenant and fund transfers, to ensure members’ interests are front-and-centre of trustees’ business operations.",Prudential practice guide,SPG 515,https://handbook.apra.gov.au/ppg/spg-515,Superannuation,Current,1 July 2025
Risk Management,Operational Risk,CPG 234 Information Security,CPG 234 Information Security provides guidance to all entities on CPS 234 Information Security.,Prudential practice guide,CPG 234,https://handbook.apra.gov.au/ppg/cpg-234,"Banking, General insurance, Life insurance, Private health insurance, Superannuation",Current,1 June 2019
Risk Management,Credit Risk,3PG 221 Aggregate Risk Exposures,3PG 221 Aggregate Risk Exposures provides guidance to level 3 heads on 3PS 221 Aggregate Risk Exposures.,Prudential practice guide,3PG 221,https://handbook.apra.gov.au/ppg/3pg-221,"Banking, General insurance, Life insurance",Current,1 July 2017
Governance,Accountability,SPG 520 Fit and Proper,SPG 520 Fit and Proper provides guidance for RSE licensees on SPS 520 Fit and Proper.,Prudential practice guide,SPG 520,https://handbook.apra.gov.au/ppg/spg-520,Superannuation,Current,30 June 2024
Governance,Accountability,SPG 521 Conflicts of Interest,SPG 521 Conflicts of Interest provides guidance for RSE licensees on SPS 521 Conflicts of Interest.,Prudential practice guide,SPG 521,https://handbook.apra.gov.au/ppg/spg-521,Superannuation,Current,1 July 2013
Governance,Board,SPG 510 Governance,SPG 510 Governance provides guidance to RSE licensees on SPS 510 Governance.,Prudential practice guide,SPG 510,https://handbook.apra.gov.au/ppg/spg-510,Superannuation,Current,1 January 2024
Financial Resilience,Capital,APG 113 Capital Adequacy: Internal Ratings-based Approach to Credit Risk,Prudential Practice Guide APG 113 Capital Adequacy: Internal Ratings-based Approach to Credit Risk provides guidance to ADIs on using the IRB approach to credit risk.,Prudential practice guide,APG 113,https://handbook.apra.gov.au/ppg/apg-113,Banking,Current,30 September 2024
Financial Resilience,Capital,APG 116 Market Risk,APG 116 Market Risk provides guidance for ADIs on APS 116 Market Risk.,Prudential practice guide,APG 116,https://handbook.apra.gov.au/ppg/apg-116,Banking,Current,1 January 2012
Financial Resilience,Capital,CPG 110 Internal Capital Adequacy Assessment Process and Supervisory Review,CPG 110 Internal Capital Adequacy Assessment Process and Supervisory Review provides guidance for entities on their core financial resilience requirements.,Prudential practice guide,CPG 110,https://handbook.apra.gov.au/ppg/cpg-110,"Banking, General insurance, Life insurance, Private health insurance",Current,1 January 2024
Business Operations,Business Operations,SPG 270 Contribution and Benefit Accrual Standards,SPG 270 Contribution and Benefit Accrual Standards provides guidance to RSE licensees on member contributions and benefit accruals requirements.,Prudential practice guide,SPG 270,https://handbook.apra.gov.au/ppg/spg-270,Superannuation,Current,1 November 2013
Financial Resilience,Liquidity,APG 210 Liquidity,APG 210 Liquidity provides guidance to ADIs on APS 210 Liquidity,Prudential practice guide,APG 210,https://handbook.apra.gov.au/ppg/apg-210,Banking,Current,1 July 2025
Financial Resilience,Capital,APG 112 Capital Adequacy: Standardised Approach to Credit Risk,Prudential Practice Guide APG 112 Capital Adequacy: Standardised Approach to Credit Risk provides guidance to ADIs on the standardised approach to credit risk.,Prudential practice guide,APG 112,https://handbook.apra.gov.au/ppg/apg-112,Banking,Current,30 September 2024
Risk Management,Credit Risk,APG 223 Residential Mortgage Lending,APG 223 Residential Mortgage Lending provides guidance for ADIs on their core risk management requirements.,Prudential practice guide,APG 223,https://handbook.apra.gov.au/ppg/apg-223,Banking,Current,19 June 2025
Financial Resilience,Capital,APG 117 Interest Rate Risk in the Banking Book,APG 117 Interest Rate Risk in the Banking Book provides guidance for ADIs on APS 117 Interest Rate Risk.,Prudential practice guide,APG 117,https://handbook.apra.gov.au/ppg/apg-117,Banking,Current,1 October 2025
Risk Management,Risk Management,CPG 220 Risk Management,"CPG 220 Risk Management provides guidance to ADIs, general insurers, life insurers and private health insurers on CPS 220 Risk Management.",Prudential practice guide,CPG 220,https://handbook.apra.gov.au/ppg/cpg-220,"Banking, General insurance, Life insurance, Private health insurance",Current,1 April 2018
Business Operations,Business Operations,SPG 280 Payment Standards,"SPG 280 Payment Standards provides guidance for RSE licensees on the SIS Act, SIS Regulations and other requirements.",Prudential practice guide,SPG 280,https://handbook.apra.gov.au/ppg/spg-280,Superannuation,Current,1 June 2017
Risk Management,Operational Risk,CPG 235 Managing Data Risk,CPG 235 Managing Data Risk provides guidance for all entities on their core risk management requirements.,Prudential practice guide,CPG 235,https://handbook.apra.gov.au/ppg/cpg-235,"Banking, General insurance, Life insurance, Superannuation",Current,1 September 2013
Risk Management,Risk Management,SPG 220 Risk Management,SPG 220 Risk Management provides guidance for RSE licensees on SPS 220 Risk Management.,Prudential practice guide,SPG 220,https://handbook.apra.gov.au/ppg/spg-220,Superannuation,Current,1 July 2013
Governance,Accountability,GPG 520 Fit and Proper,GPG 520 Fit and Proper provides guidance for general insurers on CPS 520 Fit and Proper.,Prudential practice guide,GPG 520,https://handbook.apra.gov.au/ppg/gpg-520,General insurance,Current,1 July 2008
Business Operations,Business Operations,SPG 160 Defined Benefit Matters,SPG 160 Defined Benefit Matters provides guidance to RSE Licensees on SPS 160 Defined Benefit Matters.,Prudential practice guide,SPG 160,https://handbook.apra.gov.au/ppg/spg-160,Superannuation,Current,1 November 2013
Financial Resilience,Capital,APG 110 Capital Adequacy,Prudential Practice Guide APG 110 Capital Adequacy provides guidance for ADIs on Prudential Standard APS 110 Capital Adequacy.,Prudential practice guide,APG 110,https://handbook.apra.gov.au/ppg/apg-110,Banking,Current,30 September 2024
Governance,Accountability,SPG 520 Fit and Proper,SPG 520 Fit and Proper provides guidance for RSE licensees on SPS 520 Fit and Proper.,Prudential practice guide,SPG 520,https://handbook.apra.gov.au/ppg/spg-520-superseded,Superannuation,Superseded,1 July 2013
Financial Resilience,Capital,APG 110 Capital Adequacy,APG 110 Capital Adequacy provides guidance for ADIs on APS 110 Capital Adequacy.,Prudential practice guide,APG 110,https://handbook.apra.gov.au/ppg/apg-110-superseded,Banking,Superseded,1 January 2023
Financial Resilience,Capital,APG 113 Capital Adequacy: Internal Ratings-based Approach to Credit Risk,APG 113 Capital Adequacy: Internal Ratings-based Approach to Credit Risk provides guidance to ADIs on using the IRB approach to credit risk.,Prudential practice guide,APG 113,https://handbook.apra.gov.au/ppg/apg-113-superseded,Banking,Superseded,1 January 2023
Governance,Audit,SPG 310 Audit and Related Matters,SPG 310 Audit and Related Matters provides guidance to RSE licensees on SPS 310 Audit and Related Matters.,Prudential practice guide,SPG 310,https://handbook.apra.gov.au/ppg/spg-310-superseded,Superannuation,Superseded,1 May 2018
Financial Resilience,Liquidity,APG 210 Liquidity,APG 210 Liquidity provides guidance for ADIs on APS 210 Liquidity.,Prudential practice guide,APG 210,https://handbook.apra.gov.au/ppg/apg-210-superseded,Banking,Superseded,1 December 2022
Financial Resilience,Capital,APG 112 Capital Adequacy: Standardised Approach to Credit Risk,APG 112 Capital Adequacy: Standardised Approach to Credit Risk provides guidance to ADIs on the standardised approach to credit risk.,Prudential practice guide,APG 112,https://handbook.apra.gov.au/ppg/apg-112-superseded,Banking,Superseded,1 January 2023
Risk Management,Insurance Risk,GPG 240 Insurance Risk,GPG 240 Insurance Risk provides guidance for general insurers on their insurance risk management requirements.,Prudential practice guide,GPG 240,https://handbook.apra.gov.au/ppg/gpg-240-superseded,General insurance,Superseded,1 February 2006
Risk Management,Operational Risk,LPG 232 Business Continuity Management,LPG 232 Business Continuity Management provides guidance for life insurers on their operational risk management requirements.,Prudential practice guide,LPG 232,https://handbook.apra.gov.au/ppg/lpg-232-superseded,Life insurance,Superseded,1 March 2007
Risk Management,Operational Risk,GPG 230 Operational Risk,GPG 230 Operational Risk provides guidance for general insurers on their operational risk requirements.,Prudential practice guide,GPG 230,https://handbook.apra.gov.au/ppg/gpg-230-superseded,General insurance,Superseded,1 February 2006
Risk Management,Operational Risk,LPG 230 Operational Risk,LPG 230 Operational Risk provides guidance for life insurers on their operational risk management requirements.,Prudential practice guide,LPG 230,https://handbook.apra.gov.au/ppg/lpg-230-superseded,Life insurance,Superseded,1 March 2007
Risk Management,Insurance Risk,LPG 240 Life Insurance Risk and Life Reinsurance Management,LPG 240 Life Insurance Risk and Life Reinsurance Management provides guidance for life insurers on LPS 230 Reinsurance Management.,Prudential practice guide,LPG 240,https://handbook.apra.gov.au/ppg/lpg-240-superseded,Life insurance,Superseded,1 March 2007
Risk Management,Credit Risk,APG 223 Residential Mortgage Lending,APG 223 Residential Mortgage Lending provides guidance for ADIs on their core risk management requirements.,Prudential practice guide,APG 223,https://handbook.apra.gov.au/ppg/apg-223-superseded,Banking,Superseded,1 January 2023
Business Operations,Business Operations,SPG 516 Business Performance Review,SPG 516 Business Performance Review provides guidance for RSE licensees on SPS 515 Strategic Planning and Member Outcomes.,Prudential practice guide,SPG 516,https://handbook.apra.gov.au/ppg/spg-516-superseded,Superannuation,Superseded,1 January 2020
Risk Management,Operational Risk,SPG 231 Outsourcing,SPG 231 Outsourcing provides guidance for RSE licensees on SPS 231 Outsourcing.,Prudential practice guide,SPG 231,https://handbook.apra.gov.au/ppg/spg-231-superseded,Superannuation,Superseded,1 July 2013
Recovery and Resolution,Resolution,SPG 227 Successor Fund Transfers and Wind-ups,SPG 227 Successor Fund Transfers and Wind-ups provides guidance to RSE licensees on managing risks from transferring members' benefits.,Prudential practice guide,SPG 227,https://handbook.apra.gov.au/ppg/spg-227-superseded,Superannuation,Superseded,1 July 2017
Risk Management,Operational Risk,SPG 232 Business Continuity Management,SPG 232 Business Continuity Management provides guidance for RSE licensees on SPS 232 Business Continuity Management.,Prudential practice guide,SPG 232,https://handbook.apra.gov.au/ppg/spg-232-superseded,Superannuation,Superseded,1 July 2013
Risk Management,Operational Risk,CPG 231 Outsourcing,"CPG 231 Outsourcing provides guidance for ADIs, general insurers and life insurers on CPS 231 Outsourcing.",Prudential practice guide,CPG 231,https://handbook.apra.gov.au/ppg/cpg-231-superseded,"Banking, General insurance, Life insurance",Superseded,1 October 2006
Business Operations,Business Operations,SPG 114 Operational Risk Financial Requirement,SPG 114 Operational Risk Financial Requirement provides guidance for RSE licensees on SPS 114 Operational Risk Financial Requirement.,Prudential practice guide,SPG 114,https://handbook.apra.gov.au/ppg/spg-114-superseded,Superannuation,Superseded,1 July 2013
Business Operations,Business Operations,SPG 515 Strategic and Business Planning,SPG 515 Strategic and Business Planning provides guidance for RSE licensees on SPS 515 Strategic Planning and Member Outcomes.,Prudential practice guide,SPG 515,https://handbook.apra.gov.au/ppg/spg-515-superseded,Superannuation,Superseded,1 January 2020
Financial Resilience,Capital,APG 117 Interest Rate Risk in the Banking Book (Advanced ADIs),APG 117 Interest Rate Risk in the Banking Book (Advanced ADIs) provides guidance for ADIs on APS 117 Interest Rate Risk.,Prudential practice guide,APG 117,https://handbook.apra.gov.au/ppg/apg-117-superseded,Banking,Superseded,1 January 2008
Risk Management,Operational Risk,CPG 233 Pandemic Planning,CPG 233 Pandemic Planning provides guidance for all entities on their core risk management requirements.,Prudential practice guide,CPG 233,https://handbook.apra.gov.au/ppg/cpg-233-superseded,"Banking, General insurance, Superannuation",Superseded,1 May 2013
Financial Resilience,Liquidity,APG 210 Liquidity,APG 210 Liquidity provides guidance for ADIs on APS 210 Liquidity.,Prudential practice guide,APG 210,https://handbook.apra.gov.au/ppg/apg-210-superseded-0,Banking,Superseded,17 July 2024
Governance,Board,Trust deeds and governing rules,These FAQs relate to information required for RSE registration. They apply to RSE licensees.,Frequently asked questions,,https://qa.handbook.apra.gov.au/faq/695/trust-deeds-and-governing-rules,Superannuation,Current,30 July 2022
Financial Resilience,Capital,Historical rate rollovers,These FAQs relate to APS 180 Capital Adequacy: Counterparty Credit Risk. They apply to ADIs.,Frequently asked questions,,https://qa.handbook.apra.gov.au/faq/890/historical-rate-rollovers,Banking,Current,12 March 2021
Business Operations,Business Operations,"Your Future, Your Super",These FAQs relate to the annual performance test. They apply to RSE licensees.,Frequently asked questions,,https://qa.handbook.apra.gov.au/faq/658/your-future-your-super,Superannuation,Current,15 June 2022
Business Operations,Business Operations,Putting Members' Interests First requirements,These FAQs relate to the default insurance legal reforms. They relate to RSE licensees.,Frequently asked questions,,https://qa.handbook.apra.gov.au/faq/423/putting-members-interests-first-requirements,Superannuation,Current,20 March 2020
Business Operations,Business Operations,Operational Risk Financial Requirement,These FAQs relate to the operational risk financial requirement. They apply to RSE licensees.,Frequently asked questions,,https://qa.handbook.apra.gov.au/faq/2464/operational-risk-financial-requirement,Superannuation,Current,31 August 2015
Business Operations,Business Operations,Insurance in Superannuation,These FAQs relate to insurance in superannuation. They apply to RSE licensees.,Frequently asked questions,,https://qa.handbook.apra.gov.au/faq/2462/insurance-superannuation,Superannuation,Current,31 August 2015
Governance,Audit,Audit,These FAQs relate to audit requirements. They apply to RSE licensees.,Frequently asked questions,,https://qa.handbook.apra.gov.au/faq/2466/audit-0,Superannuation,Current,31 August 2015
Governance,,Conflicts of interest,These FAQs relate to conflicts of interest requirements. They apply to RSE licensees.,Frequently asked questions,,https://qa.handbook.apra.gov.au/faq/2469/conflicts-interest,Superannuation,Current,31 August 2015
Risk Management,Market Risk,Margining and risk mitigation for non-centrally cleared derivatives,These FAQs relate to CPS 226 Margining and Risk Mitigation for Non-centrally Cleared Derivatives. They apply to all entities other than private health insurers.,Frequently asked questions,,https://qa.handbook.apra.gov.au/faq/437/margining-and-risk-mitigation-non-centrally-cleared-derivatives,"Banking, General insurance, Life insurance, Superannuation",Current,1 June 2020
Risk Management,Operational Risk,Outsourcing,These FAQs relate to outsourcing requirements. They apply to RSE licensees.,Frequently asked questions,,https://qa.handbook.apra.gov.au/faq/2463/outsourcing,Superannuation,Current,31 August 2015
Business Operations,Business Operations,Protecting your Super package,This FAQ provides information on the implementation of the Protecting Your Superannuation package,Frequently asked questions,,https://qa.handbook.apra.gov.au/faq/540/protecting-your-super-package,Superannuation,Current,21 October 2021
Financial Resilience,Capital,Securitisation - Frequently asked questions,This FAQ assists with interpretation of Securitisation related requirements in APS 120 and APG 120,Frequently asked questions,,https://qa.handbook.apra.gov.au/faq/712/securitisation-frequently-asked-questions,Banking,Current,30 July 2022
Business Operations,Business Operations,Actuarial functions and reporting obligations under the SIS act,This FAQ clarifies APRA's interpretation of an actuarial assistance under the SIS Act.,Frequently asked questions,,https://qa.handbook.apra.gov.au/faq/697/actuarial-functions-and-reporting-obligations-under-sis-act,Superannuation,Current,30 July 2022
Governance,Accountability,Fit and Proper,These FAQs relate to fitness and propriety assessments of responsible persons. They apply to RSE licensees.,Frequently asked questions,,https://qa.handbook.apra.gov.au/faq/2465/fit-and-proper,Superannuation,Current,31 August 2015
Financial Resilience,Capital,Measurement of Capital,These FAQ's relate to a range of topics relvant to the measurement of capital in the Banking and Insurance industries,Frequently asked questions,,https://qa.handbook.apra.gov.au/faq/579/measurement-capital-0,"Banking, General insurance",Current,12 July 2021
Business Operations,Business Operations,SuperStream rollovers,These FAQs relate to SuperStream payments. They apply to RSE licensees.,Frequently asked questions,,https://qa.handbook.apra.gov.au/faq/307/superstream-rollovers,Superannuation,Current,4 July 2017
Financial Resilience,Capital,Calculation of credit risk weighted assets,They FAQs relate to the capital treatment for loans under the Home Guarantee Scheme. They apply to ADIs.,Frequently asked questions,,https://qa.handbook.apra.gov.au/faq/663/calculation-credit-risk-weighted-assets,Banking,Current,24 June 2022
Financial Resilience,Capital,Valuation adjustments,These FAQs relate to APS 111 Capital Adequacy: Measurement of Capital and APS 116 Capital Adequacy: Market Risk. They apply to ADIs.,Frequently asked questions,,https://qa.handbook.apra.gov.au/faq/373/valuation-adjustments,Banking,Current,8 May 2019
Financial Resilience,Capital,Asset risk charge,These FAQs relate to GPS 114 Capital Adequacy: Asset Risk Charge. They apply to general insurers.,Frequently asked questions,,https://qa.handbook.apra.gov.au/faq/381/asset-risk-charge,General insurance,Current,6 June 2019
Recovery and Resolution,Resolution,Financial Claims Scheme and general insurers,These FAQs relate to the Financial Claims Scheme. They apply to general insurers.,Frequently asked questions,,https://qa.handbook.apra.gov.au/faq/646/financial-claims-scheme-and-general-insurers-0,General insurance,Current,28 April 2022
Business Operations,Business Operations,Payment Standards,These FAQs relate to transferring or rolling over benefits under the Superannuation Industry (Supervision) Regulations 1994. They apply to RSE licensees.,Frequently asked questions,,https://qa.handbook.apra.gov.au/faq/2461/payment-standards,Superannuation,Current,31 August 2015
Governance,Definitions,Tax file numbers,These FAQs relate to requirements to collect tax numbers. They apply to RSE licensees.,Frequently asked questions,,https://qa.handbook.apra.gov.au/faq/694/tax-file-numbers-0,Superannuation,Current,30 July 2022
Risk Management,Credit Risk,Large exposures,These FAQs relate to APS 221 Large Exposures and Reporting Standard ARS 221.0 Large Exposures. They apply to ADIs.,Frequently asked questions,,https://qa.handbook.apra.gov.au/faq/408/large-exposures,Banking,Current,18 December 2019
Business Operations,Business Operations,Retirement income covenant,These FAQs relate to the retirement income covenant. They apply to RSE licensees.,Frequently asked questions,,https://qa.handbook.apra.gov.au/faq/651/retirement-income-covenant-0,Superannuation,Current,1 June 2022
Recovery and Resolution,Resolution,Financial Claims Scheme and ADIs,These FAQs relate to the Financial Claims Scheme. They apply to ADIs.,Frequently asked questions,,https://qa.handbook.apra.gov.au/faq/348/financial-claims-scheme-and-adis,Banking,Current,27 September 2018
Risk Management,Credit Risk,Associations with related entities,These FAQs relate to APS 222 Associations with Related Entities. They apply to ADIs.,Frequently asked questions,,https://qa.handbook.apra.gov.au/faq/637/associations-related-entities,Banking,Current,1 April 2022
Financial Resilience,Capital,Capital treatment of overseas entities,These FAQs relate to APS 111 Capital Adequacy: Measurement of Capital. They apply to ADIs.,Frequently asked questions,,https://qa.handbook.apra.gov.au/faq/889/capital-treatment-overseas-entities,Banking,Current,15 September 2021
Financial Resilience,Liquidity,Liquidity,These FAQs assist with interpreting the requirements of APS 120 Liquidity.,Frequently asked questions,,https://handbook.apra.gov.au/faq/699/liquidity,Banking,Current,30 July 2022
Business Operations,Business Operations,MySuper,These FAQs relate to MySuper under the Superannuation Industry (Supervision) Act 1993. They apply to RSE licensees.,Frequently asked questions,,https://handbook.apra.gov.au/faq/254/mysuper-0,Superannuation,Current,29 March 2016
